UniProt ID,Virus,UniProt Protein Family,Mocarski Protein Family,Protein,Gene,Original,Kinetic Class,Homolog,Essential,Location,Specificity
P03217,EBV,AN,NUC,AN,BGLF5,EBV,E,AN,,replication/recombination/metabolism,all
F5HF49,HCMV,AN,NUC,AN,UL98,HCMV,E-L,AN,,replication/recombination/metabolism,all
P52448,HHV6A,AN,NUC,AN,U70,HHV6B,L,AN,,replication/recombination/metabolism,all
P52448,HHV6B,AN,NUC,AN,U70,HHV6B,L,AN,,replication/recombination/metabolism,all
P52346,HHV7,AN,NUC,AN,U70,HHV7,,AN,,replication/recombination/metabolism,all
P04294,HSV1,AN,NUC,AN,UL12,HSV1,E,AN,0,replication/recombination/metabolism,all
P06489,HSV2,AN,NUC,AN,UL12,HSV2,E,AN,,replication/recombination/metabolism,all
Q2HR95,KSHV,AN,NUC,AN,ORF37,KSHV,E-L,AN,,replication/recombination/metabolism,all
P30660,SuHV1,AN,NUC,AN,UL12,SuHV1,,AN,,replication/recombination/metabolism,all
Q4JQS7,VZV,AN,NUC,AN,ORF48,VZV,E-L,AN,,replication/recombination/metabolism,all
P0CK50,EBV,TEG7,CEF1,TEG7,BSRF1,EBV,L,CEF1,,tegument,all
P16823,HCMV,TEG7,CEF1,TEG7,UL71,HCMV,E-L,CEF1,,tegument,all
P52546,HHV6A,TEG7,CEF1,TEG7,U44,HHV6B,E,CEF1,,tegument,all
P52546,HHV6B,TEG7,CEF1,TEG7,U44,HHV6B,E,CEF1,,tegument,all
P52474,HHV7,TEG7,CEF1,TEG7,U44,HHV7,,CEF1,,tegument,all
P10235,HSV1,TEG7,CEF1,TEG7,UL51,HSV1,L,CEF1,0,tegument,all
P89470,HSV2,TEG7,CEF1,TEG7,UL51,HSV2,L,CEF1,,tegument,all
Q85227,SuHV1,TEG7,CEF1,TEG7,UL51,SuHV1,,CEF1,,tegument,all
P09271,VZV,TEG7,CEF1,TEG7,ORF7,VZV,L,CEF1,,tegument,all
Q1HVD3,EBV,TEG4,CEF2,TEG4,BTRF1,EBV,,CEF2,,tegument,all
F5HIM6,KSHV,TEG4,CEF2,TEG4,ORF23,KSHV,L,CEF2,,tegument,all
P09855,HSV1,TEG4,CEF2,TEG4,UL21,HSV1,L,CEF2,0,tegument,all
P10205,HSV1,TEG4,CEF2,TEG4,UL21,HSV1,L,CEF2,0,tegument,all
P89444,HSV2,TEG4,CEF2,TEG4,UL21,HSV2,L,CEF2,,tegument,all
Q00703,SuHV1,TEG4,CEF2,TEG4,UL21,SuHV1,,CEF2,,tegument,all
Q4JQT7,VZV,TEG4,CEF2,TEG4,ORF38,VZV,L,CEF2,,tegument,all
P16731,HCMV,TEG4,CEF2,TEG4,UL88,HCMV,L,CEF2,,tegument,all
P24438,HHV6A,TEG4,CEF2,TEG4,U59,HHV6A,IE-E,CEF2,,tegument,all
P24438,HHV6B,TEG4,CEF2,TEG4,U59,HHV6A,IE-E,CEF2,,tegument,all
P52364,HHV7,TEG4,CEF2,TEG4,U59,HHV7,,CEF2,,tegument,all
P0C6Z9,EBV,CEP1,EEP,CEP1,BBRF2,EBV,,CEP1,,tegument,all
P16734,HCMV,CEP1,EEP,CEP1,UL103,HCMV,E-L,CEP1,,tegument,all
P52457,HHV6A,CEP1,EEP,CEP1,U75,HHV6B,L,CEP1,,tegument,all
P52457,HHV6B,CEP1,EEP,CEP1,U75,HHV6B,L,CEP1,,tegument,all
P52458,HHV7,CEP1,EEP,CEP1,U75,HHV7,,CEP1,,tegument,all
P10191,HSV1,CEP1,EEP,CEP1,UL7,HSV1,L,CEP1,0,tegument,all
P89430,HSV2,CEP1,EEP,CEP1,UL7,HSV2,L,CEP1,,tegument,all
F5HAI6,KSHV,CEP1,EEP,CEP1,ORF42,KSHV,L,CEP1,,tegument,all
P09301,VZV,CEP1,EEP,CEP1,ORF53,VZV,E,CEP1,,tegument,all
P0CK54,EBV,CEP2,CETPbp,CEP2,BGLF2,EBV,L,CEP2,,tegument,all
P16800,HCMV,CEP2,CETPbp,CEP2,UL94,HCMV,L,CEP2,,tegument,all
P24442,HHV6A,CEP2,CETPbp,CEP2,U65,HHV6A,L,CEP2,,tegument,all
Q9QJ19,HHV6B,CEP2,CETPbp,CEP2,U65,HHV6B,L,CEP2,,tegument,all
P52359,HHV7,CEP2,CETPbp,CEP2,U65,HHV7,,CEP2,,tegument,all
P10200,HSV1,CEP2,CETPbp,CEP2,UL16,HSV1,L,CEP2,0,tegument,all
P89439,HSV2,CEP2,CETPbp,CEP2,UL16,HSV2,L,CEP2,,tegument,all
F5HEF2,KSHV,CEP2,CETPbp,CEP2,ORF33,KSHV,E-L,CEP2,,tegument,all
P09293,VZV,CEP2,CETPbp,CEP2,ORF44,VZV,E,CEP2,,tegument,all
P0CK52,EBV,CEP3,CETP,CEP3,BBLF1,EBV,L,CEP3,,tegument,all
P13200,HCMV,CEP3,CETP,CEP3,UL99,HCMV,L,CEP3,,tegument,all
P24448,HHV6A,CEP3,CETP,CEP3,U71,HHV6A,L,CEP3,,tegument,all
P52459,HHV6B,CEP3,CETP,CEP3,U71,HHV6B,L,CEP3,,tegument,all
P52358,HHV7,CEP3,CETP,CEP3,U71,HHV7,,CEP3,,tegument,all
P04289,HSV1,CEP3,CETP,CEP3,UL11,HSV1,L,CEP3,0,tegument,all
P13294,HSV2,CEP3,CETP,CEP3,UL11,HSV2,L,CEP3,,tegument,all
F5HHY1,KSHV,CEP3,CETP,CEP3,ORF38,KSHV,E,CEP3,,tegument,all
P09297,VZV,CEP3,CETP,CEP3,ORF49,VZV,L,CEP3,,tegument,all
P03184,EBV,CTNP,CTNP,CTNP,BFLF1,EBV,,CTNP,,assembly/egress,all
P16793,HCMV,CTNP,CTNP,CTNP,UL52,HCMV,L,CTNP,,assembly/egress,all
P52463,HHV6A,CTNP,CTNP,CTNP,U36,HHV6A,E,CTNP,,assembly/egress,all
P52463,HHV6B,CTNP,CTNP,CTNP,U36,HHV6A,E,CTNP,,assembly/egress,all
P52464,HHV7,CTNP,CTNP,CTNP,U36,HHV7,,CTNP,,assembly/egress,all
P10216,HSV1,CTNP,CTNP,CTNP,UL32,HSV1,L,CTNP,1,assembly/egress,all
P89455,HSV2,CTNP,CTNP,CTNP,UL32,HSV2,L,CTNP,,assembly/egress,all
F5HF47,KSHV,CTNP,CTNP,CTNP,ORF68,KSHV,,CTNP,,assembly/egress,all
P09282,VZV,CTNP,CTNP,CTNP,ORF26,VZV,E,CTNP,,assembly/egress,all
P03222,EBV,CVC1,CTTP,CVC1,BGLF1,EBV,L,CVC1,,tegument,all
P16799,HCMV,CVC1,CTTP,CVC1,UL93,HCMV,L,CVC1,,tegument,all
P24441,HHV6A,CVC1,CTTP,CVC1,U64,HHV6A,IE-E,CVC1,,tegument,all
P24441,HHV6B,CVC1,CTTP,CVC1,U64,HHV6A,IE-E,CVC1,,tegument,all
P52360,HHV7,CVC1,CTTP,CVC1,U64,HHV7,,CVC1,,tegument,all
P10201,HSV1,CVC1,CTTP,CVC1,UL17,HSV1,L,CVC1,1,tegument,all
P89440,HSV2,CVC1,CTTP,CVC1,UL17,HSV2,L,CVC1,,tegument,all
F5HB39,KSHV,CVC1,CTTP,CVC1,ORF32,KSHV,E-L,CVC1,,tegument,all
P09292,VZV,CVC1,CTTP,CVC1,ORF43,VZV,IE-E,CVC1,,tegument,all
P0C705,EBV,CVC2,PCP,CVC2,BVRF1,EBV,L,CVC2,,capsid,all
Q6SW65,HCMV,CVC2,PCP,CVC2,UL77,HCMV,L,CVC2,,capsid,all
P52537,HHV6A,CVC2,PCP,CVC2,U50,HHV6B,L,CVC2,,capsid,all
P52537,HHV6B,CVC2,PCP,CVC2,U50,HHV6B,L,CVC2,,capsid,all
P52388,HHV7,CVC2,PCP,CVC2,U50,HHV7,,CVC2,,capsid,all
P10209,HSV1,CVC2,PCP,CVC2,UL25,HSV1,L,CVC2,1,capsid,all
P89448,HSV2,CVC2,PCP,CVC2,UL25,HSV2,L,CVC2,,capsid,all
Q2HRB3,KSHV,CVC2,PCP,CVC2,ORF19,KSHV,,CVC2,,capsid,all
P09287,VZV,CVC2,PCP,CVC2,ORF34,VZV,L,CVC2,,capsid,all
P03227,EBV,DBP,SSB,DBP,BALF2,EBV,E,DBP,,replication/recombination/metabolism,all
P17147,HCMV,DBP,SSB,DBP,UL57,HCMV,L,DBP,,replication/recombination/metabolism,all
P52538,HHV6A,DBP,SSB,DBP,U41,HHV6B,E,DBP,,replication/recombination/metabolism,all
P52538,HHV6B,DBP,SSB,DBP,U41,HHV6B,E,DBP,,replication/recombination/metabolism,all
P52339,HHV7,DBP,SSB,DBP,U41,HHV7,,DBP,,replication/recombination/metabolism,all
P04296,HSV1,DBP,SSB,DBP,UL29,HSV1,E,DBP,1,replication/recombination/metabolism,all
P36384,HSV2,DBP,SSB,DBP,UL29,HSV2,E,DBP,,replication/recombination/metabolism,all
Q2HRD3,KSHV,DBP,SSB,DBP,ORF6,KSHV,E-L,DBP,,replication/recombination/metabolism,all
P11870,SuHV1,DBP,SSB,DBP,UL29,SuHV1,,DBP,,replication/recombination/metabolism,all
P09246,VZV,DBP,SSB,DBP,ORF29,VZV,E,DBP,,replication/recombination/metabolism,all
P03198,EBV,DPOL,POL,DPOL,BALF5,EBV,E,DPOL,,replication/recombination/metabolism,all
P08546,HCMV,DPOL,POL,DPOL,UL54,HCMV,,DPOL,,replication/recombination/metabolism,all
P28857,HHV6A,DPOL,POL,DPOL,U38,HHV6A,IE-E,DPOL,,replication/recombination/metabolism,all
P28857,HHV6B,DPOL,POL,DPOL,U38,HHV6A,IE-E,DPOL,,replication/recombination/metabolism,all
P52342,HHV7,DPOL,POL,DPOL,U38,HHV7,,DPOL,,replication/recombination/metabolism,all
P04293,HSV1,DPOL,POL,DPOL,UL30,HSV1,E,DPOL,1,replication/recombination/metabolism,all
P04292,HSV1,DPOL,POL,DPOL,UL30,HSV1,E,DPOL,1,replication/recombination/metabolism,all
P09854,HSV1,DPOL,POL,DPOL,UL30,HSV1,E,DPOL,1,replication/recombination/metabolism,all
P89453,HSV2,DPOL,POL,DPOL,UL30,HSV2,E,DPOL,,replication/recombination/metabolism,all
Q2HRD0,KSHV,DPOL,POL,DPOL,ORF9,KSHV,,DPOL,,replication/recombination/metabolism,all
Q4JQU7,VZV,DPOL,POL,DPOL,ORF28,VZV,E-L,DPOL,,replication/recombination/metabolism,all
P03195,EBV,DUT,dUTPase,DUT,BLLF3,EBV,E,DUT,,replication/recombination/metabolism,all
P16824,HCMV,DUT,dUTPase,DUT,UL72,HCMV,E-L,DUT,,replication/recombination/metabolism,all
P52541,HHV6A,DUT,dUTPase,DUT,U45,HHV6B,IE,DUT,,replication/recombination/metabolism,all
P52541,HHV6B,DUT,dUTPase,DUT,U45,HHV6B,IE,DUT,,replication/recombination/metabolism,all
P52341,HHV7,DUT,dUTPase,DUT,U45,HHV7,,DUT,,replication/recombination/metabolism,all
P10234,HSV1,DUT,dUTPase,DUT,UL50,HSV1,E,DUT,0,replication/recombination/metabolism,all
P89469,HSV2,DUT,dUTPase,DUT,UL50,HSV2,E,DUT,,replication/recombination/metabolism,all
Q2HR78,KSHV,DUT,dUTPase,DUT,ORF54,KSHV,L,DUT,,replication/recombination/metabolism,all
Q90030,SuHV1,DUT,dUTPase,DUT,UL50,SuHV1,,DUT,,replication/recombination/metabolism,all
Q4JQW7,VZV,DUT,dUTPase,DUT,ORF8,VZV,E,DUT,,replication/recombination/metabolism,all
P04291,HSV1,ECP,ECP,ECP,UL14,HSV1,L,ECP,1,tegument,all
P89437,HSV2,ECP,ECP,ECP,UL14,HSV2,L,ECP,,tegument,all
P30661,SuHV1,ECP,ECP,ECP,UL14,SuHV1,,ECP,,tegument,all
P09295,VZV,ECP,ECP,ECP,ORF46,VZV,L,ECP,,tegument,all
P03220,EBV,ECP,ECP,ECP,BGLF3,EBV,,ECP,,tegument,all
Q6SW48,HCMV,ECP,ECP,ECP,UL95,HCMV,E-L,ECP,,tegument,all
P24444,HHV6A,ECP,ECP,ECP,U67,HHV6A,E,ECP,,tegument,all
P24444,HHV6B,ECP,ECP,ECP,U67,HHV6A,E,ECP,,tegument,all
P52472,HHV7,ECP,ECP,ECP,U67,HHV7,,ECP,,tegument,all
Q2HR98,KSHV,ECP,ECP,ECP,ORF34,KSHV,E-L,ECP,,tegument,all
P24994,CeHV1,gB,gB,gB,UL27,HSV2,,gB,,envelope,all
P03188,EBV,gB,gB,gB,BALF4,EBV,L,gB,,envelope,all
P06473,HCMV,gB,gB,gB,UL55,HCMV,L,gB,,envelope,all
P36320,HHV6A,gB,gB,gB,U39,HHV6B,IE-E,gB,,envelope,all
P36320,HHV6B,gB,gB,gB,U39,HHV6B,IE-E,gB,,envelope,all
P52352,HHV7,gB,gB,gB,U39,HHV7,,gB,,envelope,all
P06437,HSV1,gB,gB,gB,UL27,HSV1,E,gB,1,envelope,all
P06763,HSV2,gB,gB,gB,UL27,HSV2,E,gB,,envelope,all
P24994,HSV2,gB,gB,gB,UL27,HSV2,E,gB,,envelope,all
F5HB81,KSHV,gB,gB,gB,ORF8,KSHV,,gB,,envelope,all
P08355,SuHV1,gB,gB,gB,,SuHV1,,gB,,envelope,all
P09257,VZV,gB,gB,gB,ORF31,VZV,E-L,gB,,envelope,all
P03231,EBV,gH,gH,gH,BXLF2,EBV,L,gH,,envelope,all
Q6SW67,HCMV,gH,gH,gH,UL75,HCMV,L,gH,,envelope,all
P68324,HHV6A,gH,gH,gH,U48,HHV6A,E,gH,,envelope,all
P68324,HHV6B,gH,gH,gH,U48,HHV6A,E,gH,,envelope,all
P52353,HHV7,gH,gH,gH,U48,HHV7,,gH,,envelope,all
P06477,HSV1,gH,gH,gH,UL22,HSV1,L,gH,1,envelope,all
P89445,HSV2,gH,gH,gH,UL22,HSV2,L,gH,,envelope,all
F5HAK9,KSHV,gH,gH,gH,ORF22,KSHV,L,gH,,envelope,all
P27416,SuHV1,gH,gH,gH,,SuHV1,,gH,,envelope,all
P09260,VZV,gH,gH,gH,ORF37,VZV,E,gH,,envelope,all
P03212,EBV,gL,gL,gL,BKRF2,EBV,L,gL,,envelope,all
P16832,HCMV,gL,gL,gL,UL115,HCMV,L,gL,,envelope,all
P52526,HHV6A,gL,gL,gL,U82,HHV6B,L,gL,,envelope,all
P52526,HHV6B,gL,gL,gL,U82,HHV6B,L,gL,,envelope,all
P52509,HHV7,gL,gL,gL,U82,HHV7,,gL,,envelope,all
P10185,HSV1,gL,gL,gL,UL1,HSV1,E,gL,1,envelope,all
P28278,HSV2,gL,gL,gL,UL1,HSV2,E,gL,,envelope,all
F5HDB7,KSHV,gL,gL,gL,ORF47,KSHV,,gL,,envelope,all
P52511,SuHV1,gL,gL,gL,UL1,SuHV1,,gL,,envelope,all
Q9J3N1,VZV,gL,gL,gL,ORF60,VZV,E-L,gL,,envelope,all
P03215,EBV,gM,gM,gM,BBRF3,EBV,L,gM,,envelope,all
P16733,HCMV,gM,gM,gM,UL100,HCMV,L,gM,,envelope,all
P52449,HHV6A,gM,gM,gM,U72,HHV6B,E,gM,,envelope,all
P52449,HHV6B,gM,gM,gM,U72,HHV6B,E,gM,,envelope,all
P52372,HHV7,gM,gM,gM,U72,HHV7,,gM,,envelope,all
P04288,HSV1,gM,gM,gM,UL10,HSV1,L,gM,0,envelope,all
P89433,HSV2,gM,gM,gM,UL10,HSV2,L,gM,,envelope,all
F5HDD0,KSHV,gM,gM,gM,ORF39,KSHV,L,gM,,envelope,all
Q85041,SuHV1,gM,gM,gM,UL10,SuHV1,,gM,,envelope,all
P09298,VZV,gM,gM,gM,ORF50,VZV,E-L,gM,,envelope,all
P0C6Z3,EBV,gN,gN,gN,BLRF1,EBV,L,gN,,envelope,all
F5HHQ0,HCMV,gN,gN,gN,UL73,HCMV,L,gN,,envelope,all
P16795,HCMV,gN,gN,gN,UL73,HCMV,L,gN,,envelope,all
Q06094,HHV6A,gN,gN,gN,U46,HHV6A,L,gN,,envelope,all
Q06094,HHV6B,gN,gN,gN,U46,HHV6A,L,gN,,envelope,all
P52366,HHV7,gN,gN,gN,U46,HHV7,,gN,,envelope,all
O09800,HSV1,gN,gN,gN,UL49A,HSV1,L,gN,0,envelope,all
Q86539,HSV2,gN,gN,gN,UL49A,HSV2,L,gN,,envelope,all
F5HFQ0,KSHV,gN,gN,gN,ORF53,KSHV,L,gN,,envelope,all
Q87088,SuHV1,gN,gN,gN,UL49.5,SuHV1,,gN,,envelope,all
Q65ZG0,VZV,gN,gN,gN,ORF9A,VZV,L,gN,,envelope,all
P03214,EBV,HELI,HP1,HELI,BBLF4,EBV,E,HELI,,replication/recombination/metabolism,all
F5HEN8,HCMV,HELI,HP1,HELI,UL105,HCMV,E-L,HELI,,replication/recombination/metabolism,all
P52450,HHV6A,HELI,HP1,HELI,U77,HHV6B,E,HELI,,replication/recombination/metabolism,all
P52450,HHV6B,HELI,HP1,HELI,U77,HHV6B,E,HELI,,replication/recombination/metabolism,all
P52357,HHV7,HELI,HP1,HELI,U77,HHV7,,HELI,,replication/recombination/metabolism,all
P10189,HSV1,HELI,HP1,HELI,UL5,HSV1,E,HELI,1,replication/recombination/metabolism,all
P28277,HSV2,HELI,HP1,HELI,UL5,HSV2,E,HELI,,replication/recombination/metabolism,all
Q2HR89,KSHV,HELI,HP1,HELI,ORF44,KSHV,E,HELI,,replication/recombination/metabolism,all
Q9J3N5,VZV,HELI,HP1,HELI,ORF55,VZV,E,HELI,,replication/recombination/metabolism,all
P30118,EBV,HEPA,HP3,HEPA,BBLF2,EBV,E,HEPA,,replication/recombination/metabolism,all
P16827,HCMV,HEPA,HP3,HEPA,UL102,HCMV,E-L,HEPA,,replication/recombination/metabolism,all
P52451,HHV6A,HEPA,HP3,HEPA,U74,HHV6B,E,HEPA,,replication/recombination/metabolism,all
P52451,HHV6B,HEPA,HP3,HEPA,U74,HHV6B,E,HEPA,,replication/recombination/metabolism,all
P52376,HHV7,HEPA,HP3,HEPA,U74,HHV7,,HEPA,,replication/recombination/metabolism,all
P10192,HSV1,HEPA,HP3,HEPA,UL8,HSV1,E,HEPA,1,replication/recombination/metabolism,all
P89431,HSV2,HEPA,HP3,HEPA,UL8,HSV2,E,HEPA,,replication/recombination/metabolism,all
Q2HR92,KSHV,HEPA,HP3,HEPA,ORF40,KSHV,L,HEPA,,replication/recombination/metabolism,all
Q9J3N6,VZV,HEPA,HP3,HEPA,ORF52,VZV,E,HEPA,,replication/recombination/metabolism,all
Q04360,EBV,ICP27,MRE,ICP27,BMLF1/BSLF2,EBV,E,ICP27,,replication/recombination/metabolism,all
P16749,HCMV,ICP27,MRE,ICP27,UL69,HCMV,E-L,ICP27,,replication/recombination/metabolism,all
P52539,HHV6A,ICP27,MRE,ICP27,U42,HHV6B,E,ICP27,,replication/recombination/metabolism,all
P52539,HHV6B,ICP27,MRE,ICP27,U42,HHV6B,E,ICP27,,replication/recombination/metabolism,all
P52355,HHV7,ICP27,MRE,ICP27,U42,HHV7,,ICP27,,replication/recombination/metabolism,all
P10238,HSV1,ICP27,MRE,ICP27,UL54,HSV1,IE,ICP27,1,replication/recombination/metabolism,all
P28276,HSV2,ICP27,MRE,ICP27,UL54,HSV2,IE,ICP27,,replication/recombination/metabolism,all
Q2HR75,KSHV,ICP27,MRE,ICP27,ORF57,KSHV,E,ICP27,,replication/recombination/metabolism,all
Q85232,SuHV1,ICP27,MRE,ICP27,UL54,SuHV1,,ICP27,,replication/recombination/metabolism,all
P09269,VZV,ICP27,MRE,ICP27,ORF4,VZV,IE,ICP27,,replication/recombination/metabolism,all
P03189,EBV,ITP,LTPbp,ITP,BOLF1,EBV,L,ITP,,tegument,all
P16784,HCMV,ITP,LTPbp,ITP,UL47,HCMV,L,ITP,,tegument,all
P52437,HHV6A,ITP,LTPbp,ITP,U30,HHV6A,E,ITP,,tegument,all
P52437,HHV6B,ITP,LTPbp,ITP,U30,HHV6A,E,ITP,,tegument,all
P52438,HHV7,ITP,LTPbp,ITP,U30,HHV7,,ITP,,tegument,all
P10221,HSV1,ITP,LTPbp,ITP,UL37,HSV1,L,ITP,1,tegument,all
P89460,HSV2,ITP,LTPbp,ITP,UL37,HSV2,L,ITP,,tegument,all
F5HEU7,KSHV,ITP,LTPbp,ITP,ORF63,KSHV,L,ITP,,tegument,all
P09277,VZV,ITP,LTPbp,ITP,ORF21,VZV,E,ITP,,tegument,all
P03186,EBV,LTP,LTP,LTP,BPLF1,EBV,L,LTP,,tegument,all
D5LX59,HCMV,LTP,LTP,LTP,UL48,HCMV,L,LTP,,tegument,all
P52340,HHV6A,LTP,LTP,LTP,U31,HHV6A,E,LTP,,tegument,all
P52340,HHV6B,LTP,LTP,LTP,U31,HHV6A,E,LTP,,tegument,all
P52362,HHV7,LTP,LTP,LTP,U31,HHV7,,LTP,,tegument,all
P10220,HSV1,LTP,LTP,LTP,UL36,HSV1,L,LTP,1,tegument,all
P89459,HSV2,LTP,LTP,LTP,UL36,HSV2,L,LTP,,tegument,all
Q2HR64,KSHV,LTP,LTP,LTP,ORF64,KSHV,L,LTP,,tegument,all
Q4JQX9,VZV,LTP,LTP,LTP,ORF22,VZV,E,LTP,,tegument,all
P03226,EBV,MCP,MCP,MCP,BcLF1,EBV,L,MCP,,assembly/egress,all
P16729,HCMV,MCP,MCP,MCP,UL86,HCMV,L,MCP,,assembly/egress,all
P17887,HHV6A,MCP,MCP,MCP,U57,HHV6A,E,MCP,,assembly/egress,all
P17887,HHV6B,MCP,MCP,MCP,U57,HHV6A,E,MCP,,assembly/egress,all
P52347,HHV7,MCP,MCP,MCP,U57,HHV7,,MCP,,assembly/egress,all
P06491,HSV1,MCP,MCP,MCP,UL19,HSV1,L,MCP,1,assembly/egress,all
P06491,HSV2,MCP,MCP,MCP,UL19,HSV1,L,MCP,,assembly/egress,all
Q2HRA7,KSHV,MCP,MCP,MCP,ORF25,KSHV,L,MCP,,assembly/egress,all
Q00705,SuHV1,MCP,MCP,MCP,,SuHV1,,MCP,,assembly/egress,all
P09245,VZV,MCP,MCP,MCP,ORF40,VZV,L,MCP,,assembly/egress,all
P0CK48,EBV,NEC1,NELP,NEC1,BFLF2,EBV,,NEC1,,assembly/egress,all
F5HFZ4,HCMV,NEC1,NELP,NEC1,UL53,HCMV,L,NEC1,,assembly/egress,all
P28865,HHV6A,NEC1,NELP,NEC1,U37,HHV6A,IE,NEC1,,assembly/egress,all
P28865,HHV6B,NEC1,NELP,NEC1,U37,HHV6A,IE,NEC1,,assembly/egress,all
P52361,HHV7,NEC1,NELP,NEC1,U37,HHV7,,NEC1,,assembly/egress,all
P10215,HSV1,NEC1,NELP,NEC1,UL31,HSV1,L,NEC1,0,assembly/egress,all
P10215,HSV2,NEC1,NELP,NEC1,UL31,HSV1,L,NEC1,,assembly/egress,all
F5H982,KSHV,NEC1,NELP,NEC1,ORF69,KSHV,IE,NEC1,,assembly/egress,all
P09283,VZV,NEC1,NELP,NEC1,ORF27,VZV,E,NEC1,,assembly/egress,all
P03185,EBV,NEC2,NEMP,NEC2,BFRF1,EBV,E,NEC2,,assembly/egress,all
Q6SW81,HCMV,NEC2,NEMP,NEC2,UL50,HCMV,L,NEC2,,assembly/egress,all
P52465,HHV6A,NEC2,NEMP,NEC2,U34,HHV6A,E,NEC2,,assembly/egress,all
P52465,HHV6B,NEC2,NEMP,NEC2,U34,HHV6A,E,NEC2,,assembly/egress,all
P52466,HHV7,NEC2,NEMP,NEC2,U34,HHV7,,NEC2,,assembly/egress,all
P10218,HSV1,NEC2,NEMP,NEC2,UL34,HSV1,L,NEC2,0,assembly/egress,all
P89457,HSV2,NEC2,NEMP,NEC2,UL34,HSV2,L,NEC2,,assembly/egress,all
F5HA27,KSHV,NEC2,NEMP,NEC2,ORF67,KSHV,L,NEC2,,assembly/egress,all
P09280,VZV,NEC2,NEMP,NEC2,ORF24,VZV,E,NEC2,,assembly/egress,all
P0C6Z0,EBV,PAP,PPS,PAP,BMRF1,EBV,E,PAP,,replication/recombination/metabolism,all
P16790,HCMV,PAP,PPS,PAP,UL44,HCMV,L,PAP,,replication/recombination/metabolism,all
P52439,HHV6A,PAP,PPS,PAP,U27,HHV6A,E,PAP,,replication/recombination/metabolism,all
P52439,HHV6B,PAP,PPS,PAP,U27,HHV6A,E,PAP,,replication/recombination/metabolism,all
P52440,HHV7,PAP,PPS,PAP,U27,HHV7,,PAP,,replication/recombination/metabolism,all
P10226,HSV1,PAP,PPS,PAP,UL42,HSV1,L,PAP,1,replication/recombination/metabolism,all
P89463,HSV2,PAP,PPS,PAP,UL42,HSV2,L,PAP,,replication/recombination/metabolism,all
F5HID2,KSHV,PAP,PPS,PAP,ORF59,KSHV,E-L,PAP,,replication/recombination/metabolism,all
P36702,SuHV1,PAP,PPS,PAP,,SuHV1,,PAP,,replication/recombination/metabolism,all
Q4JQV9,VZV,PAP,PPS,PAP,ORF16,VZV,E,PAP,,replication/recombination/metabolism,all
P03213,EBV,PORTL,PORT,PORTL,BBRF1,EBV,L,PORTL,,capsid,all
F5HBR4,HCMV,PORTL,PORT,PORTL,UL104,HCMV,L,PORTL,,capsid,all
P52454,HHV6A,PORTL,PORT,PORTL,U76,HHV6B,E,PORTL,,capsid,all
P52454,HHV6B,PORTL,PORT,PORTL,U76,HHV6B,E,PORTL,,capsid,all
P52455,HHV7,PORTL,PORT,PORTL,U76,HHV7,,PORTL,,capsid,all
P10190,HSV1,PORTL,PORT,PORTL,UL6,HSV1,L,PORTL,1,capsid,all
P89429,HSV2,PORTL,PORT,PORTL,UL6,HSV2,L,PORTL,,capsid,all
F5HGK9,KSHV,PORTL,PORT,PORTL,ORF43,KSHV,IE,PORTL,,capsid,all
P09302,VZV,PORTL,PORT,PORTL,ORF54,VZV,L,PORTL,,capsid,all
P03193,EBV,PRIM,HP2,PRIM,BSLF1,EBV,E,PRIM,,replication/recombination/metabolism,all
P17149,HCMV,PRIM,HP2,PRIM,UL70,HCMV,E-L,PRIM,,replication/recombination/metabolism,all
P52540,HHV6A,PRIM,HP2,PRIM,U43,HHV6B,E,PRIM,,replication/recombination/metabolism,all
P52540,HHV6B,PRIM,HP2,PRIM,U43,HHV6B,E,PRIM,,replication/recombination/metabolism,all
P52468,HHV7,PRIM,HP2,PRIM,U43,HHV7,,PRIM,,replication/recombination/metabolism,all
P10236,HSV1,PRIM,HP2,PRIM,UL52,HSV1,E,PRIM,1,replication/recombination/metabolism,all
P89471,HSV2,PRIM,HP2,PRIM,UL52,HSV2,E,PRIM,,replication/recombination/metabolism,all
F5HIN0,KSHV,PRIM,HP2,PRIM,ORF56,KSHV,E,PRIM,,replication/recombination/metabolism,all
Q85228,SuHV1,PRIM,HP2,PRIM,UL52,SuHV1,,PRIM,,replication/recombination/metabolism,all
Q4JQW9,VZV,PRIM,HP2,PRIM,ORF6,VZV,L,PRIM,,replication/recombination/metabolism,all
P03232,EBV,pTEG,pTEG,pTEG,BXRF1,EBV,,pTEG,,tegument,all
P52545,HHV6A,pTEG,pTEG,pTEG,U49,HHV6B,E,pTEG,,tegument,all
P52545,HHV6B,pTEG,pTEG,pTEG,U49,HHV6B,E,pTEG,,tegument,all
P52386,HHV7,pTEG,pTEG,pTEG,U49,HHV7,,pTEG,,tegument,all
P10208,HSV1,pTEG,pTEG,pTEG,UL24,HSV1,L,pTEG,0,tegument,all
P89447,HSV2,pTEG,pTEG,pTEG,UL24,HSV2,L,pTEG,,tegument,all
Q2HRB2,KSHV,pTEG,pTEG,pTEG,ORF20,KSHV,L,pTEG,,tegument,all
Q4JQU0,VZV,pTEG,pTEG,pTEG,ORF35,VZV,L,pTEG,,tegument,all
P16725,HCMV,pTEG,pTEG,pTEG,UL76,HCMV,L,pTEG,,tegument,all
P0C702,EBV,RIR1,RR1,RIR1,BORF2,EBV,E,RIR1,,replication/recombination/metabolism,all
P16782,HCMV,RIR1,RR1,RIR1,UL45,HCMV,L,RIR1,,replication/recombination/metabolism,all
Q9QJ39,HHV6A,RIR1,RR1,RIR1,U28,HHV6B,E,RIR1,,replication/recombination/metabolism,all
Q9QJ39,HHV6B,RIR1,RR1,RIR1,U28,HHV6B,E,RIR1,,replication/recombination/metabolism,all
P50641,HHV7,RIR1,RR1,RIR1,U28,HHV7,,RIR1,,replication/recombination/metabolism,all
P08543,HSV1,RIR1,RR1,RIR1,UL39,HSV1,E,RIR1,0,replication/recombination/metabolism,all
P89462,HSV2,RIR1,RR1,RIR1,UL39,HSV2,E,RIR1,,replication/recombination/metabolism,all
Q2HR67,KSHV,RIR1,RR1,RIR1,ORF61,KSHV,,RIR1,,replication/recombination/metabolism,all
P50643,SuHV1,RIR1,RR1,RIR1,UL39,SuHV1,,RIR1,,replication/recombination/metabolism,all
P09248,VZV,RIR1,RR1,RIR1,ORF19,VZV,E-L,RIR1,,replication/recombination/metabolism,all
P03234,EBV,SCAF,PR,SCAF,BVRF2,EBV,L,SCAF,,assembly/egress,all
Q6SW62,HCMV,SCAF,PR,SCAF,UL80,HCMV,E-L,SCAF,,assembly/egress,all
P24433,HHV6A,SCAF,PR,SCAF,U53,HHV6A,E,SCAF,,assembly/egress,all
P24433,HHV6B,SCAF,PR,SCAF,U53,HHV6A,E,SCAF,,assembly/egress,all
P52351,HHV7,SCAF,PR,SCAF,U53,HHV7,,SCAF,,assembly/egress,all
P10210,HSV1,SCAF,PR,SCAF,UL26,HSV1,E,SCAF,1,assembly/egress,all
P89449,HSV2,SCAF,PR,SCAF,UL26,HSV2,E,SCAF,,assembly/egress,all
Q2HRB6,KSHV,SCAF,PR,SCAF,ORF17,KSHV,,SCAF,,assembly/egress,all
Q83417,SuHV1,SCAF,PR,SCAF,,SuHV1,,SCAF,,assembly/egress,all
P09286,VZV,SCAF,PR,SCAF,ORF33,VZV,L,SCAF,,assembly/egress,all
P14348,EBV,SCP,SCP,SCP,BFRF3,EBV,L,SCP,,capsid,all
F5HEN7,HCMV,SCP,SCP,SCP,UL48A,HCMV,L,SCP,,capsid,all
Q9WT32,HHV6A,SCP,SCP,SCP,U32,HHV6B,E,SCP,,capsid,all
Q9WT32,HHV6B,SCP,SCP,SCP,U32,HHV6B,E,SCP,,capsid,all
P10219,HSV1,SCP,SCP,SCP,UL35,HSV1,L,SCP,0,capsid,all
P89458,HSV2,SCP,SCP,SCP,UL35,HSV2,L,SCP,,capsid,all
Q2HR63,KSHV,SCP,SCP,SCP,ORF65,KSHV,L,SCP,,capsid,all
P09279,VZV,SCP,SCP,SCP,ORF23,VZV,L,SCP,,capsid,all
P25939,EBV,TRM1,TER2,TRM1,BALF3,EBV,L,TRM1,,assembly/egress,all
F5HC79,HCMV,TRM1,TER2,TRM1,UL56,HCMV,E-L,TRM1,,assembly/egress,all
P52544,HHV6A,TRM1,TER2,TRM1,U40,HHV6B,IE-E,TRM1,,assembly/egress,all
P52544,HHV6B,TRM1,TER2,TRM1,U40,HHV6B,IE-E,TRM1,,assembly/egress,all
P52385,HHV7,TRM1,TER2,TRM1,U40,HHV7,,TRM1,,assembly/egress,all
P06490,HSV1,TRM1,TER2,TRM1,UL28,HSV1,E,TRM1,1,assembly/egress,all
P10212,HSV1,TRM1,TER2,TRM1,UL28,HSV1,E,TRM1,1,assembly/egress,all
P89451,HSV2,TRM1,TER2,TRM1,UL28,HSV2,E,TRM1,,assembly/egress,all
Q2HRD2,KSHV,TRM1,TER2,TRM1,ORF7,KSHV,latent,TRM1,,assembly/egress,all
P11871,SuHV1,TRM1,TER2,TRM1,,SuHV1,,TRM1,,assembly/egress,all
P09284,VZV,TRM1,TER2,TRM1,ORF30,VZV,E-L,TRM1,,assembly/egress,all
F5HGI9,HCMV,TRM2,TERbp,TRM2,UL51,HCMV,L,TRM2,,assembly/egress,all
Q69561,HHV6A,TRM2,TERbp,TRM2,U35,HHV6A,E,TRM2,,assembly/egress,all
Q69561,HHV6B,TRM2,TERbp,TRM2,U35,HHV6A,E,TRM2,,assembly/egress,all
P10217,HSV1,TRM2,TERbp,TRM2,UL33,HSV1,L,TRM2,1,assembly/egress,all
P10217,HSV2,TRM2,TERbp,TRM2,UL33,HSV1,L,TRM2,,assembly/egress,all
F5H9W4,KSHV,TRM2,TERbp,TRM2,ORF67A,KSHV,L,TRM2,,assembly/egress,all
P09281,VZV,TRM2,TERbp,TRM2,ORF25,VZV,L,TRM2,,assembly/egress,all
P0C744,EBV,TRM3,TER1,TRM3,BGRF1/BdRF1,EBV,L,TRM3,,assembly/egress,all
P16732,HCMV,TRM3,TER1,TRM3,UL89,HCMV,L,TRM3,,assembly/egress,all
P24443,HHV6A,TRM3,TER1,TRM3,U66/U60,HHV6A,E,TRM3,,assembly/egress,all
P24443,HHV6B,TRM3,TER1,TRM3,U66/U60,HHV6A,E,TRM3,,assembly/egress,all
P52462,HHV7,TRM3,TER1,TRM3,U66/U60,HHV7,,TRM3,,assembly/egress,all
P04295,HSV1,TRM3,TER1,TRM3,UL15,HSV1,L,TRM3,1,assembly/egress,all
P04295,HSV2,TRM3,TER1,TRM3,UL15,HSV1,L,TRM3,,assembly/egress,all
F5HGB6,KSHV,TRM3,TER1,TRM3,ORF29,KSHV,L,TRM3,,assembly/egress,all
P09294,VZV,TRM3,TER1,TRM3,ORF45/ORF42,VZV,L,TRM3,,assembly/egress,all
P03187,EBV,TRX1,TRI1,TRX1,BORF1,EBV,L,TRX1,,capsid,all
P16783,HCMV,TRX1,TRI1,TRX1,UL46,HCMV,L,TRX1,,capsid,all
P52348,HHV6A,TRX1,TRI1,TRX1,U29,HHV6A,E,TRX1,,capsid,all
P52348,HHV6B,TRX1,TRI1,TRX1,U29,HHV6A,E,TRX1,,capsid,all
P52349,HHV7,TRX1,TRI1,TRX1,U29,HHV7,,TRX1,,capsid,all
P17586,HSV1,TRX1,TRI1,TRX1,UL38,HSV1,L,TRX1,1,capsid,all
P32888,HSV1,TRX1,TRI1,TRX1,UL38,HSV1,L,TRX1,1,capsid,all
P89461,HSV2,TRX1,TRI1,TRX1,UL38,HSV2,L,TRX1,,capsid,all
F5H8Y5,KSHV,TRX1,TRI1,TRX1,ORF62,KSHV,,TRX1,,capsid,all
P09276,VZV,TRX1,TRI1,TRX1,ORF20,VZV,E,TRX1,,capsid,all
P25214,EBV,TRX2,TRI2,TRX2,BDLF1,EBV,L,TRX2,,capsid,all
P16728,HCMV,TRX2,TRI2,TRX2,UL85,HCMV,L,TRX2,,capsid,all
Q9QJ27,HHV6A,TRX2,TRI2,TRX2,U56,HHV6B,L,TRX2,,capsid,all
Q9QJ27,HHV6B,TRX2,TRI2,TRX2,U56,HHV6B,L,TRX2,,capsid,all
P68321,HHV7,TRX2,TRI2,TRX2,U56,HHV7,,TRX2,,capsid,all
P10202,HSV1,TRX2,TRI2,TRX2,UL18,HSV1,L,TRX2,1,capsid,all
P10202,HSV2,TRX2,TRI2,TRX2,UL18,HSV1,L,TRX2,,capsid,all
F5HGN8,KSHV,TRX2,TRI2,TRX2,ORF26,KSHV,L,TRX2,,capsid,all
P09291,VZV,TRX2,TRI2,TRX2,ORF41,VZV,E,TRX2,,capsid,all
P12888,EBV,UNG,UNG,UNG,BKRF3,EBV,E,UNG,,replication/recombination/metabolism,all
P16769,HCMV,UNG,UNG,UNG,UL114,HCMV,E,UNG,,replication/recombination/metabolism,all
P52447,HHV6A,UNG,UNG,UNG,U81,HHV6B,E,UNG,,replication/recombination/metabolism,all
P52447,HHV6B,UNG,UNG,UNG,U81,HHV6B,E,UNG,,replication/recombination/metabolism,all
P50639,HHV7,UNG,UNG,UNG,U81,HHV7,,UNG,,replication/recombination/metabolism,all
P10186,HSV1,UNG,UNG,UNG,UL2,HSV1,E,UNG,0,replication/recombination/metabolism,all
P13158,HSV2,UNG,UNG,UNG,UL2,HSV2,E,UNG,,replication/recombination/metabolism,all
P28275,HSV2,UNG,UNG,UNG,UL2,HSV2,E,UNG,,replication/recombination/metabolism,all
F5HFA1,KSHV,UNG,UNG,UNG,ORF46,KSHV,,UNG,,replication/recombination/metabolism,all
P52506,SuHV1,UNG,UNG,UNG,,SuHV1,,UNG,,replication/recombination/metabolism,all
Q9J3N2,VZV,UNG,UNG,UNG,ORF59,VZV,E,UNG,,replication/recombination/metabolism,all
P0C6Z8,EBV,VPK,VPK,VPK,BGLF4,EBV,E,VPK,,tegument,all
P24446,HHV6A,VPK,VPK,VPK,U69,HHV6A,E,VPK,,tegument,all
P24446,HHV6B,VPK,VPK,VPK,U69,HHV6A,E,VPK,,tegument,all
P52344,HHV7,VPK,VPK,VPK,U69,HHV7,,VPK,,tegument,all
P04290,HSV1,VPK,VPK,VPK,UL13,HSV1,L,VPK,0,tegument,all
P89436,HSV2,VPK,VPK,VPK,UL13,HSV2,L,VPK,,tegument,all
P30662,SuHV1,VPK,VPK,VPK,UL13,SuHV1,,VPK,,tegument,all
P09296,VZV,VPK,VPK,VPK,ORF47,VZV,L,VPK,,tegument,all
P16788,HCMV,VPK,VPK,VPK,UL97,HCMV,E-L,VPK,,tegument,all
F5HGH5,KSHV,VPK,VPK,VPK,ORF36,KSHV,E-L,VPK,,tegument,all
Q9PX69,HHV6B,B1,B1,B1,B1,HHV6B,L,,,,unique
Q9PX71,HHV6B,B2,B2,B2,B2,HHV6B,IE,,,,unique
Q9PX43,HHV6B,B3,B3,B3,B3,HHV6B,L,,,,unique
Q9QJ59,HHV6B,B4,B4,B4,B4,HHV6B,L,,,,unique
Q9QJ58,HHV6B,B5,B5,B5,B5,HHV6B,L,,,,unique
Q96895,HHV6B,B6,B6,B6,B6,HHV6B,E,,,,unique
Q69066,HHV6B,B7,B7,B7,B7,HHV6B,IE,,,,unique
Q9QJ13,HHV6B,B8,B8,B8,B8,HHV6B,E,,,,unique
Q9QJ10,HHV6B,B9,B9,B9,B9,HHV6B,L,,,,unique
P0CK58,EBV,BALF1,BALF1,BALF1,BALF1,EBV,E,,,,unique
P0C742,EBV,BDLF2,BDLF2,BDLF2,BDLF2,EBV,L,,,,unique
P03224,EBV,BDLF3,BDLF3,BDLF3,BDLF3,EBV,L,,,,unique
P03181,EBV,BHLF1,BHLF1,BHLF1,BHLF1,EBV,E,,,,unique
P0C736,EBV,BHRF1,BHRF1,BHRF1,BHRF1,EBV,E,,,,unique
P03208,EBV,BILF1,BILF1,BILF1,BILF1,EBV,L,,,,unique
P03218,EBV,BILF2,BILF2,BILF2,BILF2,EBV,L,,,,unique
P0C724,EBV,BKRF4,BKRF4,BKRF4,BKRF4,EBV,L,,,,unique
P03199,EBV,BLLF2,BLLF2,BLLF2,BLLF2,EBV,,,,,unique
P0C717,EBV,BLRF2,BLRF2,BLRF2,BLRF2,EBV,L,,,,unique
Q07286,EBV,BLRF3,BLRF3,BLRF3,BLRF3,EBV,,,,,unique
P03192,EBV,BMRF2,BMRF2,BMRF2,BMRF2,EBV,L,,,,unique
P0C737,EBV,BNLF2a,BNLF2a,BNLF2a,BNLF2a,EBV,E,,,,unique
Q8AZJ3,EBV,BNLF2b,BNLF2b,BNLF2b,BNLF2b,EBV,,,,,unique
P0C723,EBV,BRRF1,BRRF1,BRRF1,BRRF1,EBV,E,,,,unique
P03210,EBV,BRRF2,BRRF2,BRRF2,BRRF2,EBV,L,,,,unique
P03206,EBV,BZLF1,BZLF1,BZLF1,BZLF1,EBV,E,,,,unique
Q89746,HHV6A,DR1,DR1,DR1,DR1,HHV6A,L,,,,unique
Q9PWX1,HHV6B,DR1,DR1,DR1,DR1,HHV6B,L,,,,unique
Q89893,HHV6A,DR2,DR2,DR2,DR2,HHV6A,,,,,unique
Q89660,HHV6A,DR3,DR3,DR3,DR3,HHV6A,IE,,,,unique
Q9PX32,HHV6B,DR3,DR3,DR3,DR3,HHV6B,IE,,,,unique
Q89681,HHV6A,DR4,DR4,DR4,DR4,HHV6A,,,,,unique
Q89544,HHV6A,DR5,DR5,DR5,DR5,HHV6A,,,,,unique
Q89584,HHV6A,DR6,DR6,DR6,DR6,HHV6A,L,,,,unique
Q9PX53,HHV6B,DR6,DR6,DR6,DR6,HHV6B,L,,,,unique
Q89743,HHV6A,DR7,DR7,DR7,DR7,HHV6A,,,,,unique
Q89565,HHV6A,DR8,DR8,DR8,DR8,HHV6A,,,,,unique
Q2HRC6,KSHV,DYR,DYR,DYR,ORF2,KSHV,L,,,,unique
P03211,EBV,EBNA,EBNA,EBNA1,BKRF1,EBV,latent,,,,unique
Q1HVF7,EBV,EBNA,EBNA,EBNA1,BKRF1,EBV,latent,,,,unique
Q3KSS4,EBV,EBNA,EBNA,EBNA1,BKRF1,EBV,latent,,,,unique
P12978,EBV,EBNA,EBNA,EBNA2,BYRF1,EBV,latent,,,,unique
Q3KSV2,EBV,EBNA,EBNA,EBNA2,BYRF1,EBV,latent,,,,unique
Q69022,EBV,EBNA,EBNA,EBNA2,BYRF1,EBV,latent,,,,unique
P12977,EBV,EBNA,EBNA,EBNA3,BLRF3-BERF1,EBV,latent,,,,unique
Q69138,EBV,EBNA,EBNA,EBNA3,BLRF3-BERF1,EBV,latent,,,,unique
P03203,EBV,EBNA,EBNA,EBNA4,BERF2A-BERF2B,EBV,latent,,,,unique
Q1HVG4,EBV,EBNA,EBNA,EBNA4,BERF2A-BERF2B,EBV,latent,,,,unique
Q8AZK7,EBV,EBNA,EBNA,EBNA5,EBNA-LP,EBV,latent,,,,unique
P03204,EBV,EBNA,EBNA,EBNA6,BERF3-BERF4,EBV,latent,,,,unique
Q3KST0,EBV,EBNA,EBNA,EBNA6,BERF3-BERF4,EBV,latent,,,,unique
Q69140,EBV,EBNA,EBNA,EBNA6,BERF3-BERF4,EBV,latent,,,,unique
P03235,EBV,EC-RF4,EC-RF4,EC-RF4,EC-RF4,EBV,,,,,unique
P17151,HCMV,EP84,EP84,EP84,UL112/UL113,HCMV,E-L,,,,unique
P10228,HSV1,gC,gC,gC,UL44,HSV1,L,,0,envelope,alpha
Q89730,HSV2,gC,gC,gC,UL44,HSV2,L,,,envelope,alpha
P06024,SuHV1,gC,gC,gC,,SuHV1,,,,envelope,alpha
P09256,VZV,gC,gC,gC,ORF14,VZV,L,,,envelope,alpha
P36342,CeHV1,gD,gD,gD,,CeHV1,,,,envelope,alpha
Q69091,HSV1,gD,gD,gD,US6,HSV1,L,,1,envelope,alpha
P03172,HSV2,gD,gD,gD,US6,HSV2,L,,,envelope,alpha
P07645,SuHV1,gD,gD,gD,,SuHV1,,,,envelope,alpha
P30816,CeHV1,gE,gE,gE,US8,CeHV1,,,,envelope,alpha
P04488,HSV1,gE,gE,gE,US8,HSV1,E,,0,envelope,alpha
P89475,HSV2,gE,gE,gE,US8,HSV2,E,,,envelope,alpha
P08354,SuHV1,gE,gE,gE,,SuHV1,,,,envelope,alpha
Q9J3M8,VZV,gE,gE,gE,ORF68,VZV,E,,,envelope,alpha
P07562,SuHV1,gG,gG,gG,70,SuHV1,,,,envelope,alpha
P06484,HSV1,gG,gG,gG,US4,HSV1,E,,0,envelope,alpha
P13290,HSV2,gG,gG,gG,US4,HSV2,E,,,envelope,alpha
P81780,HSV2,gG,gG,gG,US4,HSV2,E,,,envelope,alpha
P36343,CeHV1,gI,gI,gI,,CeHV1,,,,envelope,alpha
P06487,HSV1,gI,gI,gI,US7,HSV1,E,,0,envelope,alpha
P13291,HSV2,gI,gI,gI,US7,HSV2,E,,,envelope,alpha
P07646,SuHV1,gI,gI,gI,,SuHV1,,,,envelope,alpha
P09258,VZV,gI,gI,gI,ORF67,VZV,E,,,envelope,alpha
P36344,CeHV1,gJ,gJ,gJ,,CeHV1,,,,envelope,alpha
P06480,HSV1,gJ,gJ,gJ,US5,HSV1,L,,0,envelope,alpha
P13293,HSV2,gJ,gJ,gJ,US5,HSV2,L,,,envelope,alpha
P68331,HSV1,gK,gK,gK,UL53,HSV1,L,,0,envelope,alpha
P22485,HSV2,gK,gK,gK,UL53,HSV2,L,,,envelope,alpha
Q85230,SuHV1,gK,gK,gK,UL53,SuHV1,,,,envelope,alpha
P09261,VZV,gK,gK,gK,ORF5,VZV,L,,,envelope,alpha
F5HGP1,HCMV,gO,gO,gO,UL74,HCMV,L,,,,beta
P16750,HCMV,gO,gO,gO,UL74,HCMV,L,,,,beta
P30005,HHV6A,gO,gO,gO,U47,HHV6A,E,,,,beta
P30005,HHV6B,gO,gO,gO,U47,HHV6A,E,,,,beta
P52549,HHV6B,gO,gO,gO,U47,HHV6B,E,,,,beta
P52525,HHV7,gO,gO,gO,U47,HHV7,,,,,beta
Q69489,HHV6A,GP105,GP105,GP105,U96/U97/U98/U99/U100,HHV6A,L,,,,unique
P03200,EBV,GP350,GP350,GP350,BLLF1,EBV,L,,,,unique
P03205,EBV,GP42,GP42,GP42,BZLF2,EBV,L,,,,unique
P17146,HCMV,GP48,GP48,GP48,UL4,HCMV,L,,,,unique
P17175,HCMV,GP48,GP48,GP48,UL4,HCMV,L,,,,unique
Q69572,HHV6A,GQ1,GQ1,GQ1,U100,HHV6A,L,,,,unique
Q9QJ11,HHV6B,GQ1,GQ1,GQ1,U100,HHV6B,L,,,,unique
P0DOE0,HHV6A,GQ2,GQ2,GQ2,U100,HHV6A,L,,,,unique
P0DOE1,HHV6B,GQ2,GQ2,GQ2,U100,HHV6B,L,,,,unique
P09698,HCMV,HHFL4,HHFL4,HHFL4,YHR4,HCMV,,,,,unique
P09696,HCMV,HHLF2,HHLF2,HHLF2,US35,HCMV,,,,,unique
P09697,HCMV,HHLF3,HHLF3,HHLF3,US33,HCMV,,,,,unique
P09702,HCMV,HHRF1,HHRF1,HHRF1,YHR1,HCMV,,,,,unique
P09707,HCMV,HHRF6,HHRF6,HHRF6,US31,HCMV,,,,,unique
P09708,HCMV,HHRF7,HHRF7,HHRF7,US32,HCMV,,,,,unique
Q6SWD5,HCMV,HKLF1,HKLF1,HKLF1,RL1,HCMV,E-L,,,,unique
P09711,HCMV,HKRFX,HKRFX,HKRFX,J1I,HCMV,,,,,unique
P09714,HCMV,HQLF3,HQLF3,HQLF3,US1,HCMV,L,,,,unique
P09716,HCMV,HVLF1,HVLF1,HVLF1,US17,HCMV,E-L,,,,unique
P09718,HCMV,HVLF3,HVLF3,HVLF3,US15,HCMV,E,,,,unique
P09719,HCMV,HVLF4,HVLF4,HVLF4,US14,HCMV,E-L,,,,unique
P09720,HCMV,HVLF5,HVLF5,HVLF5,US13,HCMV,,,,,unique
P09722,HCMV,HWLF1,HWLF1,HWLF1,US22,HCMV,E-L,,,,unique
P09724,HCMV,HWLF3,HWLF3,HWLF3,US20,HCMV,E,,,,unique
P08393,HSV1,ICP0,ICP0,ICP0,RL2,HSV1,IE,,0,tegument,alpha
P28284,HSV2,ICP0,ICP0,ICP0,RL2,HSV2,IE,,,,alpha
P29129,SuHV1,ICP0,ICP0,ICP0,EP0,SuHV1,,,,,alpha
P04485,HSV1,ICP22,ICP22,ICP22,US1,HSV1,IE,,0,replication/recombination/metabolism,alpha
P14379,HSV2,ICP22,ICP22,ICP22,US1,HSV2,IE,,,,alpha
P89474,HSV2,ICP22,ICP22,ICP22,US1,HSV2,IE,,,,alpha
P24827,SuHV1,ICP22,ICP22,ICP22,RSP40,SuHV1,,,,,alpha
P09255,VZV,ICP22,ICP22,ICP22,ORF63/ORF70,VZV,L,,,,alpha
P08353,HSV1,ICP34.5,ICP34.5,ICP34.5,RL1,HSV1,IE,,0,tegument,alpha
P36313,HSV1,ICP34.5,ICP34.5,ICP34.5,RL1,HSV1,IE,,0,tegument,alpha
P37318,HSV1,ICP34.5,ICP34.5,ICP34.5,RL1,HSV1,IE,,0,tegument,alpha
P37319,HSV1,ICP34.5,ICP34.5,ICP34.5,RL1,HSV1,IE,,0,tegument,alpha
P28283,HSV2,ICP34.5,ICP34.5,ICP34.5,RL1,HSV2,IE,,,,alpha
P08392,HSV1,ICP4,ICP4,ICP4,RS1,HSV1,IE,,1,,alpha
P90493,HSV2,ICP4,ICP4,ICP4,RS1,HSV2,IE,,,,alpha
P33479,SuHV1,ICP4,ICP4,ICP4,,SuHV1,,,,,alpha
P09310,VZV,ICP4,ICP4,ICP4,ORF62/ORF71,VZV,L,,,,alpha
Q7TLC4,CeHV16,ICP47,ICP47,ICP47,US12,CeHV16,,,,,alpha
P03170,HSV1,ICP47,ICP47,ICP47,US12,HSV1,IE,,0,accessory,alpha
P14345,HSV2,ICP47,ICP47,ICP47,US12,HSV2,IE,,,,alpha
P60504,HSV2,ICP47,ICP47,ICP47,US12,HSV2,IE,,,,alpha
P03169,HCMV,IE,IE,IE1,UL123,HCMV,IE,,,,beta
Q69567,HHV6A,IE,IE,IE1,U90/U89,HHV6A,IE,,,,beta
P06434,HCMV,IE,IE,IE2,UL122,HCMV,IE,,,,beta
P19893,HCMV,IE,IE,IE2,UL122,HCMV,IE,,,,beta
Q77Z83,HHV6A,IE,IE,IE2,U90/U87/U86,HHV6A,IE,,,,beta
Q9QJ16,HHV6B,IE,IE,IE2,U90/U86,HHV6B,IE,,,,beta
P09309,VZV,IE61,IE61,IE61,ORF61,VZV,IE,,,,unique
P16809,HCMV,IR11,IR11,IR11,IRL11,HCMV,,,,,unique
P16810,HCMV,IRL12,IRL12,IRL12,IRL12,HCMV,,,,,unique
P16811,HCMV,IRL13,IRL13,IRL13,IRL13,HCMV,,,,,unique
P21601,HCMV,IRL14,IRL14,IRL14,IRL14,HCMV,,,,,unique
P16802,HCMV,IRL2,IRL2,IRL2,IRL2,HCMV,,,,,unique
P17142,HCMV,IRL3,IRL3,IRL3,IRL3,HCMV,,,,,unique
P09694,HCMV,IRL4,IRL4,IRL4,IRL4,HCMV,,,,,unique
P16803,HCMV,IRL5,IRL5,IRL5,IRL5,HCMV,,,,,unique
Q6SWD3,HCMV,IRL6,IRL6,IRL6,RL6,HCMV,,,,,unique
P16805,HCMV,IRL7,IRL7,IRL7,IRL7,HCMV,,,,,unique
P16806,HCMV,IRL8,IRL8,IRL8,IRL8,HCMV,,,,,unique
P16807,HCMV,IRL9,IRL9,IRL9,IRL9,HCMV,,,,,unique
P09715,HCMV,IRS1,IRS1,IRS1,IRS1,HCMV,E-L,,,,unique
P17143,HCMV,J1L,J1L,J1L,J1L,HCMV,,,,,unique
P17144,HCMV,J1S,J1S,J1S,J1S,HCMV,,,,,unique
Q2HRD5,KSHV,K1,K1,K1,K1,KSHV,L,,,,unique
Q77Q38,KSHV,K12,K12,K12,K12,KSHV,,,,,unique
Q9QR69,KSHV,K15,K15,K15,K15,KSHV,E,,,,unique
F5HF36,KSHV,K4.2,K4.2,K4.2,K4.2,KSHV,IE,,,,unique
F5HET8,KSHV,K6,K6,K6,K6,KSHV,L,,,,unique
F5HDA4,KSHV,K7,K7,K7,K7,KSHV,IE-E,,,,unique
F5HB98,KSHV,K8.1,K8.1,K8.1,K8.1,KSHV,L,,,,unique
Q2HR82,KSHV,KbZIP,KbZIP,KbZIP,K8,KSHV,latent,,,,unique
Q9QR71,KSHV,LANA1,LANA1,LANA1,ORF73,KSHV,IE,,,,unique
Q8AZJ5,EBV,LF1,LF1,LF1,LF1,EBV,,,,,unique
P0C726,EBV,LF2,LF2,LF2,LF2,EBV,,,,,unique
Q3KSP5,EBV,LF2,LF2,LF2,LF2,EBV,,,,,unique
P0C727,EBV,LF3,LF3,LF3,LF3,EBV,,,,,unique
Q69545,HHV6A,LJ1,LJ1,LJ1,LJ1,HHV6A,,,,,unique
P03230,EBV,LMP1,LMP1,LMP1,BNLF1,EBV,latent,,,,unique
P0C741,EBV,LMP1,LMP1,LMP1,BNLF1,EBV,latent,,,,unique
P13198,EBV,LMP1,LMP1,LMP1,BNLF1,EBV,latent,,,,unique
P29362,EBV,LMP1,LMP1,LMP1,BNLF1,EBV,latent,,,,unique
Q1HVB3,EBV,LMP1,LMP1,LMP1,BNLF1,EBV,latent,,,,unique
P13285,EBV,LMP2,LMP2,LMP2,,EBV,latent,,,,unique
P17588,HSV1,LRP1,LRP1,LRP1,,HSV1,latent,,1,,unique
P17589,HSV1,LRP2,LRP2,LRP2,,HSV1,latent,,1,,unique
P90495,KSHV,MIR1,MIR1,MIR1,K3,KSHV,IE,,,,unique
P90489,KSHV,MIR2,MIR2,MIR2,K5,KSHV,,,,,unique
P03179,EBV,MTP,MTP,MTP,BNRF1,EBV,L,,,,unique
P33485,SuHV1,NA,NA,NA,,SuHV1,,,,,unique
P52378,HHV6A,OBP,OBP,OBP,U73,HHV6A,E,,,,alpha/beta
P52378,HHV6B,OBP,OBP,OBP,U73,HHV6A,E,,,,alpha/beta
P52379,HHV7,OBP,OBP,OBP,U73,HHV7,,,,,alpha/beta
P10193,HSV1,OBP,OBP,OBP,UL9,HSV1,E,,1,,alpha/beta
P89432,HSV2,OBP,OBP,OBP,UL9,HSV2,E,,,,alpha/beta
P09299,VZV,OBP,OBP,OBP,ORF51,VZV,E,,,,alpha/beta
Q6F6K2,VZV,ORF0,ORF0,ORF0,ORF0,VZV,IE,,,,unique
Q9E2H5,VZV,ORF0,ORF0,ORF0,ORF0,VZV,IE,,,,unique
Q4JQX4,VZV,ORF1,ORF1,ORF1,ORF1,VZV,E,,,,unique
Q2HRC9,KSHV,ORF10,ORF10,ORF10,ORF10,KSHV,IE,,,,unique
Q2HRC8,KSHV,ORF11,ORF11,ORF11,ORF11,KSHV,E,,,,unique
P09267,VZV,ORF2,ORF2,ORF2,ORF2,VZV,E,,,,unique
F5HDY6,KSHV,ORF27,ORF27,ORF27,ORF27,KSHV,L,,,,unique
F5HI25,KSHV,ORF28,ORF28,ORF28,ORF28,KSHV,L,,,,unique
P09285,VZV,ORF32,ORF32,ORF32,ORF32,VZV,E,,,,unique
F5HCD4,KSHV,ORF35,ORF35,ORF35,ORF35,KSHV,E-L,,,,unique
Q2HRD4,KSHV,ORF4,ORF4,ORF4,ORF4,KSHV,L,,,,unique
F5HDE4,KSHV,ORF45,ORF45,ORF45,ORF45,KSHV,E,,,,unique
Q2HR85,KSHV,ORF48,ORF48,ORF48,ORF48,KSHV,IE,,,,unique
Q2HR83,KSHV,ORF49,ORF49,ORF49,ORF49,KSHV,L,,,,unique
F5HCV3,KSHV,RTA,RTA,RTA,ORF50,KSHV,L,,,,unique
Q2HR80,KSHV,ORF52,ORF52,ORF52,ORF52,KSHV,L,,,,unique
F5H9W9,KSHV,ORF55,ORF55,ORF55,ORF55,KSHV,IE,,,,unique
P09305,VZV,ORF57,ORF57,ORF57,ORF57,VZV,L,,,,unique
F5HAD1,KSHV,ORF58,ORF58,ORF58,ORF58,KSHV,E-L,,,,unique
Q9QR70,KSHV,ORF75,ORF75,ORF75,ORF75,KSHV,L,,,,unique
Q89738,HHV6A,OX2V,OX2V,OX2V,U85,HHV6A,E,,,,beta/gamma
Q89738,HHV6B,OX2V,OX2V,OX2V,U85,HHV6A,E,,,,beta/gamma
P0C788,KSHV,OX2V,OX2V,OX2V,K14,KSHV,latent,,,,beta/gamma
Q00701,HHV6A,P100,P100,P100,U11,HHV6A,L,,,,unique
Q69535,HHV6B,P100,P100,P100,U11,HHV6B,L,,,,unique
P52519,HHV7,P100,P100,P100,U11,HHV7,,,,,unique
P16761,HCMV,P85,P85,P85,UL25,HCMV,L,,,,unique
Q69549,HHV6A,P85,P85,P85,U14,HHV6A,E,,,,unique
Q9QJ49,HHV6B,P85,P85,P85,U14,HHV6B,E,,,,unique
P36385,HSV2,PRTP,PRTP,PRTP,UL28,HSV2,E,,,,unique
P0CAP7,EBV,RIR2,RR2,RIR2,BaRF1,EBV,E,,,,alpha/gamma
P06474,HSV1,RIR2,RR2,RIR2,UL40,HSV1,E,,0,accessory,alpha/gamma
P69521,HSV2,RIR2,RR2,RIR2,UL40,HSV2,E,,,,alpha/gamma
F5HAW0,KSHV,RIR2,RR2,RIR2,ORF60,KSHV,L,,,,alpha/gamma
P50645,SuHV1,RIR2,RR2,RIR2,UL40,SuHV1,,,,,alpha/gamma
P09247,VZV,RIR2,RR2,RIR2,ORF18,VZV,E,,,,alpha/gamma
Q69577,HHV6A,RJ1,RJ1,RJ1,RJ1,HHV6A,,,,,unique
F5HI32,HCMV,RL10,RL10,RL10,RL10,HCMV,L,,,,unique
Q6SWD0,HCMV,RL12,RL12,RL12,RL12,HCMV,,,,,unique
Q6SWC9,HCMV,RL13,RL13,RL13,RL13,HCMV,L,,,,unique
F5HF23,HCMV,RL5A,RL5A,RL5A,RL5A,HCMV,,,,,unique
F7V995,HCMV,RL8A,RL8A,RL8A,RL8A,HCMV,,,,,unique
F7V996,HCMV,RL9A,RL9A,RL9A,RL9A,HCMV,,,,,unique
Q9Q2P0,EBV,RPMS1,RPMS1,RPMS1,,EBV,latent,,,,unique
P03209,EBV,RTA,RTA,RTA,BRLF1,EBV,E,,,,unique
P0C6N0,EBV,sBARF1,sBARF1,sBARF1,BARF1,EBV,E,,,,unique
Q82171,HSV1,SHUT,SHUT,SHUT,UL41,HSV1,L,,0,tegument,alpha
O39988,HSV2,SHUT,SHUT,SHUT,UL41,HSV2,L,,,,alpha
P36314,SuHV1,SHUT,SHUT,SHUT,,SuHV1,,,,,alpha
P09275,VZV,SHUT,SHUT,SHUT,ORF17,VZV,E,,,,alpha
P07387,HCMV,TEG,TEG,TEG,,HCMV,,,,,unique
Q3KSQ2,EBV,TK,TK,TK,BXLF1,EBV,E,,,,alpha/gamma
Q9QNF7,HSV1,TK,TK,TK,UL23,HSV1,E,,0,tegument,alpha/gamma
P04407,HSV2,TK,TK,TK,UL23,HSV2,E,,,,alpha/gamma
F5HB62,KSHV,TK,TK,TK,ORF21,KSHV,L,,,,alpha/gamma
P27363,SuHV1,TK,TK,TK,,SuHV1,,,,,alpha/gamma
P09250,VZV,TK,TK,TK,ORF36,VZV,E,,,,alpha/gamma
P21602,HCMV,TRL14,TRL14,TRL14,TRL14,HCMV,,,,,unique
P09695,HCMV,TRS1,TRS1,TRS1,TRS1,HCMV,E-L,,,,unique
Q6SVX2,HCMV,TRS1,TRS1,TRS1,TRS1,HCMV,E-L,,,,unique
P90463,KSHV,TYSY,TYSY,TYSY,ORF70,KSHV,latent,,,,alpha/gamma
P09249,VZV,TYSY,TYSY,TYSY,ORF13,VZV,L,,,,alpha/gamma
Q01349,HHV6A,U1,U1,U1,U1,HHV6A,,,,,unique
Q89698,HHV6A,U1,U1,U1,U1,HHV6A,,,,,unique
Q01349,HHV6B,U1,U1,U1,U1,HHV6A,,,,,unique
Q01348,HHV6A,U10,U10,U10,U10,HHV6A,E,,,,unique
Q01348,HHV6B,U10,U10,U10,U10,HHV6A,E,,,,unique
P52524,HHV7,U10,U10,U10,U10,HHV7,,,,,unique
Q69548,HHV6A,U13,U13,U13,U13,HHV6A,E,,,,unique
Q69548,HHV6B,U13,U13,U13,U13,HHV6A,E,,,,unique
Q69550,HHV6A,U15,U15,U15,U15,HHV6A,E,,,,unique
Q9QJ48,HHV6B,U15,U15,U15,U15,HHV6B,E,,,,unique
P30024,HHV6A,U16,U16,U16,U17/U16,HHV6A,E,,,,unique
P30024,HHV6B,U16,U16,U16,U17/U16,HHV6A,E,,,,unique
Q69552,HHV6A,U17,U17,U17,U17/U16,HHV6A,E,,,,unique
Q9DYE0,HHV6A,U17,U17,U17,U17/U16,HHV6A,E,,,,unique
Q9DYE0,HHV6B,U17,U17,U17,U17/U16,HHV6A,E,,,,unique
Q69553,HHV6A,U18,U18,U18,U18,HHV6A,L,,,,unique
Q9WT46,HHV6B,U18,U18,U18,U18,HHV6B,L,,,,unique
Q69555,HHV6A,U20,U20,U20,U20,HHV6A,E,,,,unique
Q69555,HHV6B,U20,U20,U20,U20,HHV6A,E,,,,unique
Q69556,HHV6A,U21,U21,U21,U21,HHV6A,L,,,,unique
Q9QJ45,HHV6B,U21,U21,U21,U21,HHV6B,L,,,,unique
P60505,HHV7,U21,U21,U21,U21,HHV7,,,,,unique
Q69557,HHV6A,U22,U22,U22,U22,HHV6A,E,,,,unique
Q69557,HHV6B,U22,U22,U22,U22,HHV6A,E,,,,unique
Q69558,HHV6A,U23,U23,U23,U23,HHV6A,E,,,,unique
Q9QJ43,HHV6B,U23,U23,U23,U23,HHV6B,E,,,,unique
Q69559,HHV6A,U24,U24,U24,U24,HHV6A,L,,,,unique
Q9QJ42,HHV6B,U24,U24,U24,U24,HHV6B,L,,,,unique
Q69505,HHV7,U24,U24,U24,U24,HHV7,,,,,unique
Q9QJ41,HHV6B,U24A,U24A,U24A,U24A,HHV6B,L,,,,unique
P52527,HHV6A,U25,U25,U25,U25,HHV6A,E,,,,unique
P52527,HHV6B,U25,U25,U25,U25,HHV6A,E,,,,unique
P52528,HHV7,U25,U25,U25,U25,HHV7,,,,,unique
P52443,HHV6A,U26,U26,U26,U26,HHV6A,E,,,,unique
P52443,HHV6B,U26,U26,U26,U26,HHV6A,E,,,,unique
P52445,HHV7,U26,U26,U26,U26,HHV7,,,,,unique
Q01350,HHV6A,U3,U3,U3,U3,HHV6A,E,,,,unique
Q01350,HHV6B,U3,U3,U3,U3,HHV6A,E,,,,unique
P52520,HHV7,U3,U3,U3,U3,HHV7,,,,,unique
Q9QJ55,HHV6A,U4,U4,U4,U4,HHV6B,E,,,,unique
Q9QJ55,HHV6B,U4,U4,U4,U4,HHV6B,E,,,,unique
P52521,HHV7,U4,U4,U4,U4,HHV7,,,,,unique
Q01352,HHV6A,U5,U5,U5,U5,HHV6A,,,,,unique
Q01352,HHV6B,U5,U5,U5,U5,HHV6A,,,,,unique
P52522,HHV7,U5,U5,U5,U5,HHV7,,,,,unique
P52542,HHV6A,U51,U51,U51,U51,HHV6B,E,,,,unique
P52542,HHV6B,U51,U51,U51,U51,HHV6B,E,,,,unique
P52383,HHV7,U51,U51,U51,U51,HHV7,,,,,unique
P24434,HHV6A,U54,U54,U54,U54,HHV6A,E,,,,unique
Q9QJ29,HHV6B,U54,U54,U54,U54,HHV6B,E,,,,unique
P52516,HHV7,U54,U54,U54,U54,HHV7,,,,,unique
P24435,HHV6A,U55,U55,U55,U55,HHV6A,E,,,,unique
P24435,HHV6B,U55,U55,U55,U55,HHV6A,E,,,,unique
P52517,HHV7,U55A,U55A,U55A,U55A,HHV7,,,,,unique
P52518,HHV7,U55B,U55B,U55B,U55B,HHV7,,,,,unique
Q9QJ53,HHV6A,U6,U6,U6,U6,HHV6B,L,,,,unique
Q9QJ53,HHV6B,U6,U6,U6,U6,HHV6B,L,,,,unique
Q69562,HHV6A,U61,U61,U61,U61,HHV6A,,,,,unique
Q01353,HHV6A,U7,U7,U7,U7,HHV6A,E,,,,unique
Q01353,HHV6B,U7,U7,U7,U7,HHV6A,E,,,,unique
Q9QJ54,HHV6B,U7,U7,U7,U7,HHV6B,E,,,,unique
Q89863,HHV6A,U78,U78,U78,U78,HHV6A,,,,,unique
P52529,HHV6A,U79,U79,U79,U79/U80,HHV6A,E,,,,unique
Q96896,HHV6B,U79,U79,U79,U79/U80,HHV6B,E,,,,unique
P52531,HHV7,U79,U79,U79,U79,HHV7,,,,,unique
Q01346,HHV6A,U8,U8,U8,U8,HHV6A,E,,,,unique
Q01346,HHV6B,U8,U8,U8,U8,HHV6A,E,,,,unique
P52523,HHV7,U8,U8,U8,U8,HHV7,,,,,unique
P52460,HHV6A,U83,U83,U83,U83,HHV6A,L,,,,unique
P52461,HHV6B,U83,U83,U83,U83,HHV6B,L,,,,unique
P52533,HHV6A,U84,U84,U84,U84,HHV6B,L,,,,unique
P52533,HHV6B,U84,U84,U84,U84,HHV6B,L,,,,unique
P52534,HHV7,U84,U84,U84,U84,HHV7,,,,,unique
Q69566,HHV6A,U88,U88,U88,U88,HHV6A,,,,,unique
Q9WT55,HHV6B,U9,U9,U9,U9,HHV6B,E,,,,unique
Q77PU6,HHV6B,IE,IE,IE1,U90,HHV6B,IE,,,,unique
Q69569,HHV6A,U91,U91,U91,U91,HHV6A,L,,,,unique
Q9QJ14,HHV6B,U91,U91,U91,U91,HHV6B,L,,,,unique
Q9WSZ6,HHV6A,U94,U94,U94,U94,HHV6B,IE,,,,unique
Q9WSZ6,HHV6B,U94,U94,U94,U94,HHV6B,IE,,,,unique
Q89882,HHV6A,U95,U95,U95,U95,HHV6A,IE,,,,unique
Q9QJ12,HHV6B,U95,U95,U95,U95,HHV6B,IE,,,,unique
P16719,HCMV,UL1,UL1,UL1,UL1,HCMV,,,,,unique
Q6SWC8,HCMV,UL1,UL1,UL1,UL1,HCMV,,,,,unique
P16843,HCMV,UL10,UL10,UL10,UL10,HCMV,,,,,unique
P16826,HCMV,UL101,UL101,UL101,UL101,HCMV,,,,,unique
P16737,HCMV,UL106,UL106,UL106,UL106,HCMV,,,,,unique
P16828,HCMV,UL107,UL107,UL107,UL107,HCMV,,,,,unique
P16829,HCMV,UL108,UL108,UL108,UL108,HCMV,,,,,unique
P16738,HCMV,UL109,UL109,UL109,UL109,HCMV,,,,,unique
P16721,HCMV,UL11,UL11,UL11,UL11,HCMV,,,,,unique
Q6SWB9,HCMV,UL11,UL11,UL11,UL11,HCMV,,,,,unique
P16830,HCMV,UL110,UL110,UL110,UL110,HCMV,,,,,unique
Q6SW34,HCMV,UL116,UL116,UL116,UL116,HCMV,,,,,unique
P16770,HCMV,UL117,UL117,UL117,UL117,HCMV,E,,,,unique
P16739,HCMV,UL119,UL119,UL119,UL119/UL118,HCMV,E-L,,,,unique
P16777,HCMV,UL12,UL12,UL12,UL12,HCMV,,,,,unique
P16740,HCMV,UL120,UL120,UL120,UL120,HCMV,,,,,unique
Q6SW31,HCMV,UL120,UL120,UL120,UL120,HCMV,,,,,unique
F5HD27,HCMV,UL121,UL121,UL121,UL121,HCMV,L,,,,unique
F5HHS3,HCMV,UL124,UL124,UL124,UL124,HCMV,E-L,,,,unique
P16835,HCMV,UL125,UL125,UL125,UL125,HCMV,,,,,unique
P16836,HCMV,UL126,UL126,UL126,UL126,HCMV,,,,,unique
P16771,HCMV,UL127,UL127,UL127,UL127,HCMV,,,,,unique
V9LLX6,HCMV,UL128,UL128,UL128,UL128,HCMV,,,,,unique
P16838,HCMV,UL129,UL129,UL129,UL129,HCMV,,,,,unique
Q6SWB8,HCMV,UL13,UL13,UL13,UL13,HCMV,IE,,,,unique
F5HCP3,HCMV,UL130,UL130,UL130,UL130,HCMV,L,,,,unique
P16773,HCMV,UL131,UL131,UL131,UL131,HCMV,,,,,unique
F5HET4,HCMV,UL131A,UL131A,UL131A,UL131A,HCMV,,,,,unique
F5HGU6,HCMV,UL132,UL132,UL132,UL132,HCMV,L,,,,unique
Q6SW10,HCMV,UL133,UL133,UL133,UL133,HCMV,E,,,,unique
F5HAQ7,HCMV,UL135,UL135,UL135,UL135,HCMV,IE,,,,unique
F5HF35,HCMV,UL136,UL136,UL136,UL136,HCMV,E-L,,,,unique
F5HGQ8,HCMV,UL138,UL138,UL138,UL138,HCMV,IE,,,,unique
Q6SW14,HCMV,UL139,UL139,UL139,UL139,HCMV,,,,,unique
Q6SWB7,HCMV,UL14,UL14,UL14,UL14,HCMV,E,,,,unique
F5HCK7,HCMV,UL140,UL140,UL140,UL140,HCMV,L,,,,unique
Q6RJQ3,HCMV,UL141,UL141,UL141,UL141,HCMV,L,,,,unique
F5HHH2,HCMV,UL142,UL142,UL142,UL142,HCMV,,,,,unique
Q68396,HCMV,UL144,UL144,UL144,UL144,HCMV,L,,,,unique
F5HF44,HCMV,UL145,UL145,UL145,UL145,HCMV,,,,,unique
F5H8R0,HCMV,UL147A,UL147A,UL147A,UL147A,HCMV,,,,,unique
F5H8Q3,HCMV,UL148,UL148,UL148,UL148,HCMV,L,,,,unique
F5HE74,HCMV,UL148A,UL148A,UL148A,UL148A,HCMV,,,,,unique
F5HAK6,HCMV,UL148B,UL148B,UL148B,UL148B,HCMV,,,,,unique
F5HDE7,HCMV,UL148C,UL148C,UL148C,UL148C,HCMV,,,,,unique
F5HHL7,HCMV,UL148D,UL148D,UL148D,UL148D,HCMV,E,,,,unique
Q6SW05,HCMV,UL150,UL150,UL150,UL150,HCMV,L,,,,unique
F7V998,HCMV,UL150A,UL150A,UL150A,UL150A,HCMV,E-L,,,,unique
P16844,HCMV,UL15A,UL15A,UL15A,UL15A,HCMV,E-L,,,,unique
P16757,HCMV,UL16,UL16,UL16,UL16,HCMV,E,,,,unique
B9VXI8,HCMV,UL17,UL17,UL17,UL17,HCMV,E-L,,,,unique
P08560,HCMV,UL18,UL18,UL18,UL18,HCMV,,,,,unique
P16723,HCMV,UL19,UL19,UL19,UL19,HCMV,E-L,,,,unique
P16754,HCMV,UL2,UL2,UL2,UL2,HCMV,,,,,unique
Q6SWC7,HCMV,UL2,UL2,UL2,UL2,HCMV,,,,,unique
F5H9Z4,HCMV,UL20,UL20,UL20,UL20,HCMV,,,,,unique
P16758,HCMV,UL20,UL20,UL20,UL20,HCMV,,,,,unique
P10204,HSV1,UL20,UL20,UL20,UL20,HSV1,L,,0,envelope,alpha
P89443,HSV2,UL20,UL20,UL20,UL20,HSV2,L,,,,alpha
Q00702,SuHV1,UL20,UL20,UL20,UL20,SuHV1,,,,,alpha
P09290,VZV,UL20,UL20,UL20,ORF39,VZV,E-L,,,,alpha
P16759,HCMV,UL21,UL21,UL21,UL21,HCMV,,,,,unique
Q7M6R1,HCMV,UL21A,UL21A,UL21A,US21A,HCMV,,,,,unique
F5HF90,HCMV,UL22A,UL22A,UL22A,UL22A,HCMV,L,,,,unique
P16845,HCMV,UL22A,UL22A,UL22A,UL22A/UL20A,HCMV,,,,,unique
P16846,HCMV,UL23,UL23,UL23,UL23,HCMV,E-L,,,,unique
P16760,HCMV,UL24,UL24,UL24,UL24,HCMV,L,,,,unique
F5HGG3,HCMV,UL26,UL26,UL26,UL26,HCMV,L,,,,unique
Q6SWA4,HCMV,UL27,UL27,UL27,UL27,HCMV,IE,,,,unique
P16847,HCMV,UL28,UL28,UL28,UL28,HCMV,,,,,unique
C0H677,HCMV,UL29,UL29,UL29,UL29,HCMV,IE,,,,unique
P16775,HCMV,UL3,UL3,UL3,UL3,HCMV,,,,,unique
Q1XBW5,HSV1,UL3,UL3,UL3,UL3,HSV1,L,,0,accessory,alpha
P28279,HSV2,UL3,UL3,UL3,UL3,HSV2,L,,,,alpha
Q9J3N3,VZV,UL3,UL3,UL3,ORF58,VZV,E-L,,,,alpha
F5HGC2,HCMV,UL30,UL30,UL30,UL30,HCMV,L,,,,unique
P16848,HCMV,UL31,UL31,UL31,UL31,HCMV,L,,,,unique
P08318,HCMV,UL32,UL32,UL32,UL32,HCMV,L,,,,unique
P16849,HCMV,UL33,UL33,UL33,UL33,HCMV,L,,,,beta
P52380,HHV6A,UL33,UL33,UL33,U12,HHV6A,E,,,,beta
P52381,HHV7,UL33,UL33,UL33,U12,HHV7,,,,,beta
B9VXK4,HCMV,UL34,UL34,UL34,UL34,HCMV,E-L,,,,unique
P16766,HCMV,UL35,UL35,UL35,UL35,HCMV,L,,,,unique
F5HAY6,HCMV,UL36,UL36,UL36,UL36,HCMV,E,,,,unique
P16778,HCMV,UL37,UL37,UL37,UL37,HCMV,E,,,,beta
Q6SW94,HCMV,UL37,UL37,UL37,UL37,HCMV,E,,,,beta
P30003,HHV6A,UL37,UL37,UL37,U30,HHV6A,E,,,,beta
F5HG98,HCMV,UL38,UL38,UL38,UL38,HCMV,E,,,,beta
Q9WT45,HHV6A,UL38,UL38,UL38,U19,HHV6B,E,,,,beta
Q9WT45,HHV6B,UL38,UL38,UL38,U19,HHV6B,E,,,,beta
P16813,HCMV,UL39,UL39,UL39,UL39,HCMV,,,,,unique
Q6SWC6,HCMV,UL4,UL4,UL4,UL4,HCMV,L,,,,unique
P10188,HSV1,UL4,UL4,UL4,UL4,HSV1,E,,0,accessory,alpha
P28280,HSV2,UL4,UL4,UL4,UL4,HSV2,E,,,,alpha
Q9J3N4,VZV,UL4,UL4,UL4,ORF56,VZV,E,,,,alpha
P16780,HCMV,UL40,UL40,UL40,UL40,HCMV,E-L,,,,unique
P16814,HCMV,UL41,UL41,UL41,UL41,HCMV,,,,,unique
O39920,HCMV,UL41A,UL41A,UL41A,UL41A,HCMV,,,,,unique
D5LX53,HCMV,UL42,UL42,UL42,UL42,HCMV,,,,,unique
P16781,HCMV,UL43,UL43,UL43,UL43,HCMV,L,,,,unique
P10227,HSV1,UL43,UL43,UL43,UL43,HSV1,L,,0,tegument,alpha
P89464,HSV2,UL43,UL43,UL43,UL43,HSV2,L,,,,alpha
P09273,VZV,UL43,UL43,UL43,ORF15,VZV,,,,,alpha
P10229,HSV1,UL45,UL45,UL45,UL45,HSV1,L,,0,envelope,unique
P89465,HSV2,UL45,UL45,UL45,UL45,HSV2,L,,,,unique
P10230,HSV1,UL46,UL46,UL46,UL46,HSV1,E,,0,tegument,alpha
P89466,HSV2,UL46,UL46,UL46,UL46,HSV2,E,,,,alpha
P09264,VZV,UL46,UL46,UL46,ORF12,VZV,L,,,,alpha
P10231,HSV1,UL47,UL47,UL47,UL47,HSV1,E,,0,tegument,alpha
P89467,HSV2,UL47,UL47,UL47,UL47,HSV2,E,,,,alpha
P09263,VZV,UL47,UL47,UL47,ORF11,VZV,L,,,,alpha
P14347,EBV,UL49,BFRF2,BFRF2,BFRF2,EBV,,,,,unique
Q6SW82,HCMV,UL49,UL49,UL49,UL49,HCMV,E-L,,,,beta/gamma
Q9QJ36,HHV6A,UL49,UL49,UL49,U33,HHV6B,E,,,,beta/gamma
Q9QJ36,HHV6B,UL49,UL49,UL49,U33,HHV6B,E,,,,beta/gamma
P52442,HHV7,UL49,UL49,UL49,U33,HHV7,,,,,beta/gamma
F5HG20,KSHV,UL49,UL49,UL49,ORF66,KSHV,L,,,,beta/gamma
P16776,HCMV,UL5,UL5,UL5,UL5,HCMV,,,,,unique
P10239,HSV1,UL55,UL55,UL55,UL55,HSV1,E,,0,tegument,alpha
P28281,HSV2,UL55,UL55,UL55,UL55,HSV2,E,,,,alpha
P09268,VZV,UL55,UL55,UL55,ORF3,VZV,E,,,,alpha
P10240,HSV1,UL56,UL56,UL56,UL56,HSV1,L,,0,tegument,unique
P36297,HSV1,UL56,UL56,UL56,UL56,HSV1,L,,0,tegument,unique
P28282,HSV2,UL56,UL56,UL56,UL56,HSV2,L,,,,unique
P16816,HCMV,UL58,UL58,UL58,UL58,HCMV,,,,,unique
P16746,HCMV,UL59,UL59,UL59,UL59,HCMV,,,,,unique
Q6SWC4,HCMV,UL6,UL6,UL6,UL6,HCMV,,,,,unique
P16817,HCMV,UL60,UL60,UL60,UL60,HCMV,,,,,unique
P16818,HCMV,UL61,UL61,UL61,UL61,HCMV,,,,,unique
P16819,HCMV,UL62,UL62,UL62,UL62,HCMV,,,,,unique
P16820,HCMV,UL63,UL63,UL63,UL63,HCMV,,,,,unique
P16821,HCMV,UL64,UL64,UL64,UL64,HCMV,,,,,unique
P17148,HCMV,UL65,UL65,UL65,UL65,HCMV,,,,,unique
P16822,HCMV,UL66,UL66,UL66,UL66,HCMV,,,,,unique
P16747,HCMV,UL67,UL67,UL67,UL67,HCMV,,,,,unique
P16748,HCMV,UL68,UL68,UL68,UL68,HCMV,,,,,unique
P16743,HCMV,UL7,UL7,UL7,UL7,HCMV,,,,,unique
Q6SWC3,HCMV,UL7,UL7,UL7,UL7,HCMV,,,,,unique
C1BEG3,HCMV,UL74A,UL74A,UL74A,UL74A,HCMV,,,,,unique
P16751,HCMV,UL78,UL78,UL78,UL78,HCMV,,,,,unique
P16752,HCMV,UL79,UL79,UL79,UL79,HCMV,L,,,,beta/gamma
P52469,HHV6A,UL79,UL79,UL79,U52,HHV6A,E,,,,beta/gamma
P52548,HHV6B,UL79,UL79,UL79,U52,HHV6B,E,,,,beta/gamma
P52470,HHV7,UL79,UL79,UL79,U52,HHV7,,,,,beta/gamma
Q2HRB4,KSHV,UL79,UL79,UL79,ORF18,KSHV,,,,,beta/gamma
P16744,HCMV,UL8,UL8,UL8,UL8,HCMV,,,,,unique
P16825,HCMV,UL81,UL81,UL81,UL81,HCMV,,,,,unique
P06726,HCMV,UL82,UL82,UL82,UL82,HCMV,L,,,,unique
P06725,HCMV,UL83,UL83,UL83,UL83,HCMV,L,,,,unique
P16727,HCMV,UL84,UL84,UL84,UL84,HCMV,L,,,,unique
F5H9T4,HCMV,UL9,UL9,UL9,UL9,HCMV,,,,,unique
P16745,HCMV,UL9,UL9,UL9,UL9,HCMV,,,,,unique
P16796,HCMV,UL90,UL90,UL90,UL90,HCMV,,,,,unique
F5HES7,KSHV,UL91,ORF30,ORF30,ORF30,KSHV,L,,,,unique
F5HFJ8,HCMV,UL91,UL91,UL91,UL91,HCMV,,,,,beta
P24439,HHV6A,UL91,UL91,UL91,U62,HHV6A,IE,,,,beta
P24439,HHV6B,UL91,UL91,UL91,U62,HHV6A,IE,,,,beta
P52365,HHV7,UL91,UL91,UL91,U62,HHV7,,,,,beta
P0CK57,EBV,UL92,UL92,UL92,BDLF4,EBV,,,,,beta/gamma
P16798,HCMV,UL92,UL92,UL92,UL92,HCMV,L,,,,beta/gamma
Q9QJ21,HHV6A,UL92,UL92,UL92,U63,HHV6B,E,,,,beta/gamma
Q9QJ21,HHV6B,UL92,UL92,UL92,U63,HHV6B,E,,,,beta/gamma
P52471,HHV7,UL92,UL92,UL92,U63,HHV7,,,,,beta/gamma
Q2HRA1,KSHV,UL92,UL92,UL92,ORF31,KSHV,L,,,,beta/gamma
P16787,HCMV,UL96,UL96,UL96,UL96,HCMV,,,,,beta
P24445,HHV6A,UL96,UL96,UL96,U68,HHV6A,E,,,,beta
P24445,HHV6B,UL96,UL96,UL96,U68,HHV6A,E,,,,beta
P52475,HHV7,UL96,UL96,UL96,U68,HHV7,,,,,beta
P30817,CeHV1,US10,US10,US10,,CeHV1,,,,,alpha
P09728,HCMV,US10,US10,US10,US10,HCMV,E,,,,unique
P06486,HSV1,US10,US10,US10,US10,HSV1,E,,0,tegument,alpha
P89478,HSV2,US10,US10,US10,US10,HSV2,E,,,,alpha
P09311,VZV,US10,US10,US10,ORF64/ORF69,VZV,L,,,,alpha
P09727,HCMV,US11,US11,US11,US11,HCMV,IE,,,,unique
P04487,HSV1,US11,US11,US11,US11,HSV1,E,,0,tegument,unique
P89479,HSV2,US11,US11,US11,US11,HSV2,E,,,,unique
F5HE44,HCMV,US12,US12,US12,US12,HCMV,E,,,,unique
Q6SVZ0,HCMV,US16,US16,US16,US16,HCMV,,,,,unique
P69334,HCMV,US18,US18,US18,US18,HCMV,,,,,unique
F5HAR3,HCMV,US19,US19,US19,US19,HCMV,,,,,unique
P09713,HCMV,US2,US2,US2,US2,HCMV,IE,,,,unique
P06485,HSV1,US2,US2,US2,US2,HSV1,E,,0,tegument,alpha
P13292,HSV2,US2,US2,US2,US2,HSV2,E,,,,alpha
P24382,SuHV1,US2,US2,US2,28K,SuHV1,,,,,alpha
F5HHT6,HCMV,US21,US21,US21,US21,HCMV,,,,,unique
F5HAZ3,HCMV,US23,US23,US23,US23,HCMV,IE,,,,unique
P09700,HCMV,US24,US24,US24,US24,HCMV,IE,,,,unique
P17145,HCMV,US25,US25,US25,US25,HCMV,,,,,unique
F5H991,HCMV,US26,US26,US26,US26,HCMV,E-L,,,,unique
P09703,HCMV,US27,US27,US27,US27,HCMV,L,,,,unique
P69332,HCMV,US28,US28,US28,US28,HCMV,E-L,,,,unique
F5HG95,HCMV,US29,US29,US29,US29,HCMV,,,,,unique
P09712,HCMV,US3,US3,US3,US3,HCMV,IE,,,,unique
P04413,HSV1,US3,US3,US3,US3,HSV1,E,,0,tegument,alpha
P13287,HSV2,US3,US3,US3,US3,HSV2,E,,,,alpha
P24381,SuHV1,US3,US3,US3,,SuHV1,,,,,alpha
P09251,VZV,US3,US3,US3,ORF66,VZV,E,,,,alpha
F5HB41,HCMV,US30,US30,US30,US30,HCMV,E-L,,,,unique
F7V999,HCMV,US33A,US33A,US33A,US33A,HCMV,,,,,unique
F5HEF3,HCMV,US34,US34,US34,US34,HCMV,,,,,unique
Q7M6G6,HCMV,US34A,US34A,US34A,US34A,HCMV,,,,,unique
P16842,HCMV,US36,US36,US36,US36,HCMV,,,,,unique
P16839,HCMV,US4,US4,US4,US4,HCMV,,,,,unique
P16840,HCMV,US5,US5,US5,US5,HCMV,,,,,unique
P14334,HCMV,US6,US6,US6,US6,HCMV,E-L,,,,unique
P09731,HCMV,US7,US7,US7,US7,HCMV,,,,,unique
P09730,HCMV,US8,US8,US8,US8,HCMV,E-L,,,,unique
O09802,HSV1,US8.5,US8.5,US8.5,US8.5,HSV1,,,0,accessory,unique
Q86625,HSV1,US8.5,US8.5,US8.5,US8.5,HSV1,,,0,accessory,unique
P89476,HSV2,US8.5,US8.5,US8.5,US8.5,HSV2,,,,,unique
P30025,CeHV1,US9,US9,US9,,CeHV1,,,,,unique
P09729,HCMV,US9,US9,US9,US9,HCMV,E-L,,,,unique
P06481,HSV1,US9,US9,US9,US9,HSV1,E,,0,tegument,alpha
P89477,HSV2,US9,US9,US9,US9,HSV2,E,,,,alpha
P11313,SuHV1,US9,US9,US9,,SuHV1,,,,,alpha
P09312,VZV,US9,US9,US9,ORF65,VZV,E-L,,,,alpha
P06724,HCMV,V30K,V30K,V30K,,HCMV,,,,,unique
F5HGJ3,KSHV,vBCL2,vBCL2,vBCL2,ORF16,KSHV,E,,,,unique
F5HCJ2,KSHV,vCCL3,vCCL3,vCCL3,K4.1,KSHV,IE,,,,unique
F5HA06,HCMV,vCXC2,vCXC2,vCXC2,UL147,HCMV,L,,,,unique
Q6SWN9,HCMV,vCXC2,vCXC2,vCXC2,UL147,HCMV,L,,,,unique
F5HBX1,HCMV,vCXCL1,vCXCL1,vCXCL1,UL146,HCMV,L,,,,unique
Q77Q36,KSHV,vCYCL,vCYCL,vCYCL,ORF72,KSHV,L,,,,unique
F5HEZ4,KSHV,vFLIP,vFLIP,vFLIP,ORF71,KSHV,L,,,,unique
Q9QJ51,HHV6B,vGPCR,vGPCR,vGPCR,U12,HHV6B,E,,,,unique
Q98146,KSHV,vGPCR,vGPCR,vGPCR,ORF74,KSHV,L,,,,unique
P0C6Z6,EBV,vIL10,vIL10,vIL10,BCRF1,EBV,L,,,,unique
P17150,HCMV,vIL10,vIL10,vIL10,UL111A,HCMV,L,,,,unique
Q2HRC7,KSHV,vIL6,vIL6,vIL6,K2,KSHV,IE,,,,unique
F5HF68,KSHV,VIRF,VIRF,VIRF1,K9,KSHV,L,,,,unique
Q2HR71,KSHV,VIRF,VIRF,VIRF2,K11,KSHV,L,,,,unique
F5HIC6,KSHV,VIRF,VIRF,VIRF3,K10.5,KSHV,latent,,,,unique
Q2HR73,KSHV,VIRF,VIRF,VIRF4,K10,KSHV,L,,,,unique
Q98157,KSHV,VMI2,VMI2,VMI2,K4,KSHV,,,,,unique
P06492,HSV1,VP16,VP16,VP16,UL48,HSV1,E,,1,,alpha
P68336,HSV2,VP16,VP16,VP16,UL48,HSV2,E,,,,alpha
P09265,VZV,VP16,VP16,VP16,ORF10,VZV,L,,,,alpha
P10233,HSV1,VP22,VP22,VP22,UL49,HSV1,E,,0,tegument,alpha
P89468,HSV2,VP22,VP22,VP22,UL49,HSV2,E,,,,alpha
Q4JQW6,VZV,VP22,VP22,VP22,ORF9,VZV,E-L,,,,alpha
F5HFD2,KSHV,VTBP,VTBP,VTBP,ORF24,KSHV,L,,,,unique
P25215,EBV,VTBP,VTBP,VTBP,BCRF1,EBV,,,,,beta/gamma
Q6SW55,HCMV,VTBP,VTBP,VTBP,UL87,HCMV,E-L,,,,beta/gamma
Q9QJ25,HHV6A,VTBP,VTBP,VTBP,U58,HHV6B,E,,,,beta/gamma
Q9QJ25,HHV6B,VTBP,VTBP,VTBP,U58,HHV6B,E,,,,beta/gamma
P52363,HHV7,VTBP,VTBP,VTBP,U58,HHV7,,,,,beta/gamma
